model,validation_season,macro_f1,selected,C,class_weight,max_depth,min_samples_leaf,n_estimators,n_neighbors
logistic_regression,2014/2015,0.4452157259807168,False,0.1,balanced,,,,
logistic_regression,2014/2015,0.44606321826383466,True,1.0,balanced,,,,
logistic_regression,2014/2015,0.44606321826383466,False,10.0,balanced,,,,
decision_tree,2014/2015,0.43145855649825077,True,,balanced,5.0,5.0,,
decision_tree,2014/2015,0.43145855649825077,False,,balanced,5.0,10.0,,
decision_tree,2014/2015,0.41173772816762993,False,,balanced,8.0,5.0,,
decision_tree,2014/2015,0.4312468111056738,False,,balanced,8.0,10.0,,
decision_tree,2014/2015,0.39936502527147333,False,,balanced,10.0,5.0,,
decision_tree,2014/2015,0.4095193789219473,False,,balanced,10.0,10.0,,
random_forest,2014/2015,0.44266093269898094,False,,balanced,8.0,1.0,200.0,
random_forest,2014/2015,0.44225892374272857,False,,balanced,8.0,5.0,200.0,
random_forest,2014/2015,0.43619866614961494,False,,balanced,10.0,1.0,200.0,
random_forest,2014/2015,0.44202357598264025,False,,balanced,10.0,5.0,200.0,
random_forest,2014/2015,0.4439273001572784,True,,balanced,8.0,1.0,300.0,
random_forest,2014/2015,0.4421648738954504,False,,balanced,8.0,5.0,300.0,
random_forest,2014/2015,0.43826768932389654,False,,balanced,10.0,1.0,300.0,
random_forest,2014/2015,0.43739392687476647,False,,balanced,10.0,5.0,300.0,
knn,2014/2015,0.39246776749345047,False,,,,,,5.0
knn,2014/2015,0.3943525134660577,True,,,,,,11.0
knn,2014/2015,0.3778900338337808,False,,,,,,21.0
