model,class,precision,recall,f1,support
majority_baseline,Home Win,0.4386650631389056,1.0,0.6098223615464995,1459
majority_baseline,Draw,0.0,0.0,0.0,855
majority_baseline,Away Win,0.0,0.0,0.0,1012
logistic_regression,Home Win,0.4983646770237122,0.8355037697052776,0.6243277848911651,1459
logistic_regression,Draw,0.0,0.0,0.0,855
logistic_regression,Away Win,0.46985210466439137,0.40810276679841895,0.43680592279217345,1012
decision_tree,Home Win,0.4964598084131612,0.8169979437971213,0.6176165803108808,1459
decision_tree,Draw,0.25,0.0304093567251462,0.054223149113660066,855
decision_tree,Away Win,0.4628501827040195,0.37549407114624506,0.414620840152755,1012
random_forest,Home Win,0.49074074074074076,0.8718300205620287,0.6279930881263885,1459
random_forest,Draw,0.3333333333333333,0.0011695906432748538,0.002331002331002331,855
random_forest,Away Win,0.493844049247606,0.3567193675889328,0.4142283419391853,1012
knn,Home Win,0.5014492753623189,0.592871830020562,0.5433417085427136,1459
knn,Draw,0.26421404682274247,0.1847953216374269,0.2174810736407433,855
knn,Away Win,0.4087736789631107,0.4051383399209486,0.40694789081885857,1012
